{"Embedding": ["CWR", "CWR", "CWR", "CWR", "CWR", "CWR", "CWR", "CWR", "CWR", "CWR", "CWR", "CWR", "CWR", "CWR", "CWR", "CWR", "GloVe", "GloVe", "GloVe", "GloVe", "GloVe", "GloVe", "GloVe", "GloVe", "GloVe", "GloVe", "GloVe", "GloVe", "GloVe", "GloVe", "GloVe", "GloVe"], "Model": ["STL", "STL", "STL", "STL", "STL", "STL", "STL", "STL", "MTL", "MTL", "MTL", "MTL", "MTL", "MTL", "MTL", "MTL", "STL", "STL", "STL", "STL", "STL", "STL", "STL", "STL", "MTL", "MTL", "MTL", "MTL", "MTL", "MTL", "MTL", "MTL"], "Batch Size": [1, 1, 8, 8, 16, 16, 32, 32, 1, 1, 8, 8, 16, 16, 32, 32, 1, 1, 8, 8, 16, 16, 32, 32, 1, 1, 8, 8, 16, 16, 32, 32], "Device": ["CPU", "GPU", "CPU", "GPU", "CPU", "GPU", "CPU", "GPU", "CPU", "GPU", "CPU", "GPU", "CPU", "GPU", "CPU", "GPU", "CPU", "GPU", "CPU", "GPU", "CPU", "GPU", "CPU", "GPU", "CPU", "GPU", "CPU", "GPU", "CPU", "GPU", "CPU", "GPU"], "Min Time": [64.79043732304126, 23.257346010999754, 43.618812744971365, 8.817722271196544, 47.05645274510607, 8.566067504929379, 56.75709970807657, 8.450462694978341, 64.0136350239627, 23.808456094935536, 49.04744348488748, 9.190984567860141, 53.47420751908794, 8.535145014058799, 55.328777253162116, 8.432926479028538, 10.242519760970026, 9.237564614973962, 7.002621689811349, 6.576065762899816, 6.674051905982196, 6.340596612077206, 6.348451962927356, 6.115578590892255, 10.063903068890795, 9.429324495140463, 7.052569429855794, 6.598849538946524, 6.903240586863831, 6.2595713450573385, 6.4082781369797885, 6.102671027882025], "Max Time": [71.25744657916948, 23.793070622021332, 49.704080924158916, 9.08900442905724, 48.40551987406798, 8.858400778844953, 62.76604025112465, 9.778326659929007, 67.9019861118868, 23.974515999900177, 49.997433465206996, 9.487983757862821, 56.42291983310133, 8.915886472910643, 55.79016519198194, 8.697912556119263, 10.449026637012139, 9.263553256168962, 7.211627958109602, 6.671714260010049, 6.90843346202746, 6.356206223135814, 6.511542896041647, 6.2561253788881, 10.263707991922274, 9.491767324972898, 7.18949675001204, 6.6953251850791276, 6.994789259973913, 6.549003451829776, 6.462871576892212, 6.199131923029199]}